Indicator,Name,Method_type,Method_name,Related_process,CR_functional,DS_functional,NC_functional,WR_functional,MF_functional,CR_freq,NC_freq,WR_freq,DS_freq,MF_freq,CR_rel,NC_rel,WR_rel,DS_rel,MF_rel,Applicability_agri,Applicability_forest,Applicability_grass,Throughput,Storage,Collection_time,Collection_space,Archivability,Sample_amount,Cost_per_sample,Lab_use,Data_process,Duration,Reference,Reproducibility,Deployment,Infrastructure,farm,regional
Biological,Acari,Community_methods,"Morphological ID and/or feeding guilds assignment, field sampling, extract animals, microscope",,3,3,3,3,3,3,3,1,3,4,2.06,2,2.08,2.03,2.04,1,1,1,1,2,1,1,1,2,2,1,2,1,1,2,2,2,1,
,Acari,Community_methods,"Counting and/or biomass, field sampling, extract animals, microscope",,1,1,1,1,1,3,3,1,3,4,2.06,2,2.08,2.03,2.04,1,1,1,2,2,1,1,1,2,3,2,3,2,1,2,2,2,0,
,Acari,Community_methods,"Qualitative identification, field sampling, extract, sequencing of selected DNA (Metabarcoding)",,2.5,2.5,2.5,2.5,2.5,3,3,1,3,4,2.06,2,2.08,2.03,2.04,1,1,1,2,2,1,1,1,2,1,2,1,2,1,2,0,2,1,
,Acari,Community_methods,"Qualitative identification, field sampling, sequencing of selected DNA (Metabarcoding)",,2.5,2.5,2.5,2.5,2.5,3,3,1,3,4,2.06,2,2.08,2.03,2.04,1,1,1,3,2,1,1,1,3,1,2,1,2,1,2,0,2,0,
,Aggregation,Process,Earthworms activity (burrowing and cast formation) sectioning the soil in situ or impregnated soil thin sections,,4,0,4,4,3,1,1,2,1,3,5,5,5,0,3.75,1,1,1,1,0,1,0,0,3,3,2,3,2,0,2,1,3,,
,Aggregation,Process,Near infrared spectroscopy (NIRS) that measure the different origins of aggregate classes based on their spectral signatures,,5,0,5,5,3.75,1,1,2,1,3,5,5,5,0,3.75,1,1,1,3,3,1,0,2,3,3,3,2,3,2,2,0,2,,
,Aggregation,Process,Soil Morphology analysis in situ separating biogenic structures,,5,0,5,5,3.75,1,1,2,1,3,5,5,5,0,3.75,1,1,1,2,3,1,0,2,2,3,2,3,2,0,2,2,3,,
,Anammox,Subprocess,"Quantification of transcripts involved in anammox (hzo, hzs, nirS) with RT-qPCR",,0,0,4,0,1,1,1,1,1,1,0,5,0,0,1.25,1,1,1,3,3,1,1,1,3,2,2,2,2,2,2,1,2,,
,Anammox,Subprocess,"Quantification of genes involved in anammox (hzo, hzs, nirS) with qPCR",,0,0,3,0,0.75,1,1,1,1,1,0,5,0,0,1.25,1,1,1,4,3,1,1,1,3,2,2,2,2,2,2,1,2,,
,Anammox bacteria,Actor_specific,Fluorescent in situ hybridization (FISH),Anammox,0,0,3,0,0.75,1,1,1,1,1,0,4,0,0,1,1,1,1,1,1,1,1,1,3,3,3,3,2,1,2,1,3,,
,Anammox bacteria,Actor_specific,"Qualitative identification, field sampling, environmental samples, sequencing of selected DNA (Metabarcoding of hzo functional gene)",Anammox,0,0,3,0,0.75,1,1,1,1,1,0,4,0,0,1,1,1,1,3,3,1,1,1,3,1,2,1,2,1,2,1,2,,
,Anammox bacteria,Actor_specific,"Quantification, field sampling, environmental samples, qPCR of hzo functional genes",Anammox,0,0,3,0,0.75,1,1,1,1,1,0,4,0,0,1,1,1,1,4,3,1,1,1,3,2,2,2,2,2,2,1,2,,
,Antibiosis,Process,Detection of production of antibiotic substances in cell free culture filtrates of the bacterial isolates by the agar well diffusion assay,,0,4,0,0,1,1,1,1,1,1,0,0,0,5,1.25,1,1,1,2,1,1,1,0,3,3,3,3,2,1,3,1,3,,
,Antibiosis,Process,Chitinolytic activity ,,0,4,0,0,1,1,1,1,1,1,0,0,0,5,1.25,1,1,1,2,1,1,1,0,3,3,3,3,1,1,3,2,3,,
,Antibiosis,Process,Quantification of selected functional transcripts with RT-PCR ,,0,4,0,0,1,1,1,1,1,1,0,0,0,5,1.25,1,1,1,3,3,1,1,1,3,2,2,2,2,2,2,1,2,,
,Antibiosis,Process,Quantification of selected functional genes with qPCR ,,0,3,0,0,0.75,1,1,1,1,1,0,0,0,5,1.25,1,1,1,4,3,1,1,1,3,2,2,2,2,2,2,1,2,,
,Ants,Actor_general,"Counting and/or biomass, field sampling, hand sorting animals, identification","Bioturbation, macropore formation, bio-accumulation",1,1,1,1,1,1,1,3,1,4,2.54,2.54,2.36,1.74,2.29,1,1,1,2,0,1,1,1,2,3,2,3,2,0,2,2,3,,
,Ants,Actor_general,"Morphological ID, pitfall traps, identification and counting","Bioturbation, macropore formation, bio-accumulation",2,2,2,2,2,1,1,3,1,4,2.54,2.54,2.36,1.74,2.29,1,1,1,2,0,0,1,1,3,3,2,2,2,0,1,2,3,,
,Ants,Actor_general,"Morphological ID, field sampling, hand sorting animals, identification","Bioturbation, macropore formation, bio-accumulation",2,2,2,2,2,1,1,3,1,4,2.54,2.54,2.36,1.74,2.29,1,1,1,1,0,1,1,1,2,2,1,2,1,0,2,2,3,,
,Archaea,Community_methods,Metabarcoding of general archaea,,2,2,2,2,2,3,3,1,1,3,2.94,2.56,0,1.95,1.86,1,1,1,3,3,1,1,1,3,1,2,1,2,1,2,1,2,,
,Bacteria,Actor_general,"Direct microscopy (Detect, identify and enumerate with fluorescent techniques )",NA,1,1,1,1,1,3,4,3,4,4,3.35,3.43,3.07,2.74,3.15,1,1,1,1,1,1,1,1,3,3,3,3,1,1,2,2,3,,
,Bacteria,Actor_general,"Quantification, and identification: Plating techniques, may include selective cultivation and counting",NA,1,1,1,1,1,3,4,3,4,4,3.35,3.43,3.07,2.74,3.15,1,1,1,1,1,1,1,0,3,3,2,3,1,1,3,2,3,,
,Bacteria,Actor_general,Quantification of bacterial abundance with flow cytometry,NA,1,1,1,1,1,3,4,3,4,4,3.35,3.43,3.07,2.74,3.15,1,1,1,3,1,1,1,0,3,2,3,3,2,1,3,2,2,,
,Bacteria,Actor_general,Quantification by selective inhibition icw SIR,NA,1,1,1,1,1,3,4,3,4,4,3.35,3.43,3.07,2.74,3.15,1,1,1,2,2,1,1,0,2,3,3,3,1,1,1,2,3,,
,Bacteria,Actor_general,"Quantification of selected (groups of) species, field sampling, environmental samples, qPCR (quantitative for targeted markers)",NA,1,1,1,1,1,3,4,3,4,4,3.35,3.43,3.07,2.74,3.15,1,1,1,4,3,1,1,1,3,2,2,2,2,2,2,2,2,,
,Bacteria,Actor_general,Quantification: Microbial biomass using chloroform fumigation (C),NA,1,1,1,1,1,3,4,3,4,4,3.35,3.43,3.07,2.74,3.15,1,1,1,2,2,1,1,0,2,2,3,3,2,1,2,2,3,,
,Bacteria,Community_methods,Quantification and qualitative identification of broader groups with PLFA,NA,1,1,1,1,1,3,4,3,4,4,3.35,3.43,3.07,2.74,3.15,1,1,1,2,3,1,1,1,3,2,3,2,2,2,3,2,3,,
,Bacteria,Community_methods,Metabarcoding of general bacteria 16S,,2,2,2,2,2,3,4,3,4,4,3.35,3.43,3.07,2.74,3.15,1,1,1,3,3,1,1,1,3,1,2,1,2,1,2,1,2,,
,Bacterivorous nematodes,Actor_specific,"Quantification of selected (groups of) species, field sampling, extraction, qPCR (quantitative for targeted markers)",NA,3,3,3,0,2.25,2,1,1,1,3,3.22,3.01,0,3.43,2.42,1,1,1,3,2,1,1,1,2,2,2,2,2,2,2,1,2,,
,Bioturbation,Process,Earthworms activity (burrowing and cast formation),,5,0,5,5,3.75,1,1,2,1,3,5,5,5,0,3.75,1,1,1,1,1,1,0,0,1,2,2,2,1,1,2,1,3,,
,Bioturbation,Process,Visualization of bioturbation patterns in the field or in lab,,5,0,5,5,3.75,1,1,2,1,3,5,5,5,0,3.75,1,1,1,1,1,1,0,0,1,2,2,2,1,1,2,1,3,,
,Coleoptera,Actor_general,"Counting and/or biomass, field sampling, hand sorting animals",Bio-accumulation,0,0,0,1,0.25,1,1,1,1,1,0,0,1.86,0,0.46,1,1,1,2,0,1,1,1,3,3,3,3,2,0,2,2,3,,
,Coleoptera,Actor_general,"Morphological ID, extraction, identification",Bio-accumulation,0,0,0,2,0.5,1,1,1,1,1,0,0,1.86,0,0.46,1,1,1,1,1,1,1,1,2,2,2,2,1,0,2,2,3,,
,Coleoptera,Actor_general,"Counting and/or biomass, extraction",Bio-accumulation,0,0,0,1,0.25,1,1,1,1,1,0,0,1.86,0,0.46,1,1,1,2,1,1,1,1,2,3,3,3,2,0,2,2,3,,
,Coleoptera,Actor_general,"Morphological ID, field sampling, hand sorting animals, identification",Bio-accumulation,0,0,0,2,0.5,1,1,1,1,1,0,0,1.86,0,0.46,1,1,1,1,0,1,1,1,3,2,2,2,1,0,2,2,3,,
,Coleoptera,Actor_general,"Qualitative identification, field sampling, sequencing of selected DNA (Metabarcoding)",Bio-accumulation,0,0,0,2,0.5,1,1,1,1,1,0,0,1.86,0,0.46,1,1,1,3,3,1,1,1,3,1,2,1,2,1,2,0,2,,
,Coleoptera,Actor_general,"Qualitative identification, field sampling, extraction, sequencing of selected DNA (Metabarcoding)",Bio-accumulation,0,0,0,2,0.5,1,1,1,1,1,0,0,1.86,0,0.46,1,1,1,2,3,1,1,1,2,1,2,1,2,1,2,0,2,,
,Coleoptera,Actor_general,"Morphological ID, pitfall traps, identification",Bio-accumulation,0,0,0,2,0.5,1,1,1,1,1,0,0,1.86,0,0.46,1,1,1,2,0,0,1,1,3,3,2,2,2,0,1,2,3,,
,Collembola,Community_methods,"Counting and/or biomass, field sampling, extraction, microscope",,1,1,1,1,1,4,3,1,3,3,2.23,1.97,2.58,2.34,2.28,1,1,1,2,2,1,1,1,2,3,2,3,2,1,2,2,2,,
,Collembola,Community_methods,"Qualitative identification, field sampling, extraction, sequencing of selected DNA (Metabarcoding)",,2.5,2.5,2.5,2.5,2.5,4,3,1,3,3,2.23,1.97,2.58,2.34,2.28,1,1,1,2,2,1,1,1,2,1,2,1,2,1,2,0,2,,
,Collembola,Community_methods,"Qualitative identification, field sampling, sequencing of selected DNA (Metabarcoding)",,2.5,2.5,2.5,2.5,2.5,4,3,1,3,3,2.23,1.97,2.58,2.34,2.28,1,1,1,3,3,1,1,1,3,1,2,1,2,1,2,0,2,,
,Collembola,Community_methods,"Morphological ID and/or feeding guilds identification, field sampling, extraction, microscope",,3,3,3,3,3,4,3,1,3,3,2.23,1.97,2.58,2.34,2.28,1,1,1,1,2,1,1,1,2,2,1,2,1,1,2,2,2,,
,Competition,Process,Siderophores production,,0,4,0,0,1,1,1,1,1,1,0,0,0,5,1.25,1,1,1,1,1,1,1,0,3,2,3,3,2,2,3,1,3,,
,Competition,Process,Quantification of selected functional transcripts with RT-PCR ,,0,4,0,0,1,1,1,1,1,1,0,0,0,5,1.25,1,1,1,3,3,1,1,1,3,2,2,2,2,2,2,1,2,,
,Competition,Process,Quantification of selected functional genes with qPCR ,,0,3,0,0,0.75,1,1,1,1,1,0,0,0,5,1.25,1,1,1,4,3,1,1,1,3,2,2,2,2,2,2,1,2,,
,Denitrification,Subprocess,Measurement of N2O emission with gas analyser in the field with chambers,,0,0,5,0,1.25,1,1,1,1,2,5,5,0,0,2.5,1,1,1,2,0,0,1,0,3,3,3,2,1,2,2,2,3,,
,Denitrification,Subprocess,Lab incubation with acetylene inhibition,,5,0,5,0,2.5,1,1,1,1,2,5,5,0,0,2.5,1,1,1,2,0,1,1,0,3,3,3,3,2,2,3,2,3,,
,Denitrification,Subprocess,Soil core method in the lab,,5,0,5,0,2.5,1,1,1,1,2,5,5,0,0,2.5,1,1,1,2,0,1,1,0,2,2,2,3,2,2,2,1,2,,
,Denitrification,Subprocess,Quantification of genes nirK with qPCR,,3,0,3,0,1.5,1,1,1,1,2,5,5,0,0,2.5,1,1,1,4,3,1,1,1,3,2,2,2,2,2,2,1,3,,
,Denitrification,Subprocess,Quantification of transcripts nirK with RT-qPCR,,4,0,4,0,2,1,1,1,1,2,5,5,0,0,2.5,1,1,1,3,3,1,1,1,3,2,2,2,2,2,2,1,3,,
,Denitrification,Subprocess,Denitrification enzyme activity (DEA),,4,0,4,0,2,1,1,1,1,2,5,5,0,0,2.5,1,1,1,2,3,1,1,0,3,3,3,3,2,2,3,2,3,,
,Denitrifying archaea,Actor_specific,"Quantification, field sampling, environmental samples, RT- qPCR of nirK functional transcripts",Denitrification,4,0,4,0,2,1,1,1,1,2,3.2,3.2,0,0,1.6,1,1,1,2,1,1,1,1,3,2,2,2,2,2,2,1,3,,
,Denitrifying archaea,Actor_specific,"Qualitative identification, field sampling, environmental samples, sequencing of selected DNA (Metabarcoding of nirK functional gene)",Denitrification,3,0,3,0,1.5,1,1,1,1,2,3.2,3.2,0,0,1.6,1,1,1,3,3,1,1,1,3,1,2,1,2,1,2,1,2,,
,Denitrifying archaea,Actor_specific,"Quantification, field sampling, environmental samples, qPCR of nirK functional genes",Denitrification,3,0,3,0,1.5,1,1,1,1,2,3.2,3.2,0,0,1.6,1,1,1,4,3,1,1,1,3,2,2,2,2,2,2,1,3,,
,Denitrifying bacteria,Actor_specific,"Qualitative identification, field sampling, environmental samples, sequencing of selected DNA (Metabarcoding of nir functional gene)",Denitrification,3,0,3,0,1.5,1,1,1,1,2,3.63,3.63,0,0,1.82,1,1,1,3,3,1,1,1,3,1,2,1,2,1,2,1,2,,
,Denitrifying bacteria,Actor_specific,"Quantification, field sampling, environmental samples, qPCR of nirK functional gene",Denitrification,3,0,3,0,1.5,1,1,1,1,2,3.63,3.63,0,0,1.82,1,1,1,4,3,1,1,1,3,2,2,2,2,2,2,1,2,,
,Denitrifying fungi,Actor_specific,"Quantification, field sampling, environmental samples, qPCR of nirk functional gene",Denitrification,3,0,3,0,1.5,1,1,1,1,2,1.92,1.92,0,0,0.96,1,1,1,4,3,1,1,1,3,2,2,2,2,2,2,1,2,,
,Diplura,Actor_general,"Morphological ID, field sampling, hand sorting animals, identification",Bio-accumulation,0,0,0,2,0.5,1,1,1,1,1,0,0,2.29,0,0.57,1,1,1,1,1,1,1,1,2,2,1,2,2,0,2,2,3,,
,Diplura,Actor_general,"Counting and/or biomass, field sampling, hand sorting animals",Bio-accumulation,0,0,0,1,0.25,1,1,1,1,1,0,0,2.29,0,0.57,1,1,1,2,0,1,1,1,3,3,3,3,2,0,2,2,3,,
,Diplura,Actor_general,"Morphological ID, extraction, identification",Bio-accumulation,0,0,0,2,0.5,1,1,1,1,1,0,0,2.29,0,0.57,1,1,1,1,1,1,1,1,2,2,2,2,1,0,2,2,3,,
,Diplura,Actor_general,"Qualitative identification, field sampling, sequencing of selected DNA (Metabarcoding)",Bio-accumulation,0,0,0,2,0.5,1,1,1,1,1,0,0,2.29,0,0.57,1,1,1,3,3,1,1,1,3,1,2,1,2,1,2,0,2,,
,Diplura,Actor_general,"Qualitative identification, field sampling, extraction, sequencing of selected DNA (Metabarcoding)",Bio-accumulation,0,0,0,2,0.5,1,1,1,1,1,0,0,2.29,0,0.57,1,1,1,2,3,1,1,1,2,1,2,1,2,1,2,0,2,,
,Diplura,Actor_general,"Counting and/or biomass, extraction",Bio-accumulation,0,0,0,1,0.25,1,1,1,1,1,0,0,2.29,0,0.57,1,1,1,2,1,1,1,1,2,3,3,3,2,0,2,2,3,,
,Disease and pest control,Subfunction,Disease bioassays ,,0,5,0,0,1.25,1,1,1,1,1,0,0,0,5,1.25,1,1,1,1,1,1,1,0,2,3,3,3,1,1,3,1,3,,
,Disease and pest control,Subfunction,Soil suppressiveness assay for nematodes ,,0,5,0,0,1.25,1,1,1,1,1,0,0,0,5,1.25,1,1,1,1,1,1,1,0,2,3,3,3,1,1,3,1,3,,
,Disease and pest control,Subfunction,Soil fatigue test ,,0,5,0,0,1.25,1,1,1,1,1,0,0,0,5,1.25,1,1,1,1,1,1,1,0,2,3,3,3,1,1,3,1,3,,
,Dissimilatory sulphate reduction,Subprocess,Incubation measuring potential consumption rates of sulphate and thiosulphate,,0,0,5,0,1.25,1,1,1,1,1,0,5,0,0,1.25,1,1,1,2,1,1,1,0,2,3,3,3,1,1,2,1,3,,
,Dissimilatory sulphate reduction,Subprocess,Quantification of genes involved in DSR with qPCR,,0,0,3,0,0.75,1,1,1,1,1,0,5,0,0,1.25,1,1,1,4,3,1,1,1,3,2,2,2,2,2,2,1,2,,
,DNRA,Subprocess,Quantification of genes nrfA with qPCR,,0,0,3,0,0.75,1,1,1,1,1,0,5,0,0,1.25,1,1,1,4,3,1,1,1,3,2,2,2,2,2,2,1,2,,
,Earthworms,Community_methods,Hand-sorting and extraction of earthworms followed by quantitative identification based on morphological characteristics,NA,3,0,3,3,2.25,3,4,4,1,3,3.12,3.12,3.2,0,2.36,1,1,1,1,0,1,0,1,1,2,2,2,1,1,2,2,3,,
,Earthworms,Community_methods,Hand-sorting and extraction of earthworms followed by counting and total biomass determination,NA,1,0,1,1,0.75,3,4,4,1,3,3.12,3.12,3.2,0,2.36,1,1,1,2,0,1,0,1,1,3,3,3,2,1,2,2,3,,
,Earthworms,Community_methods,"Qualitative identification, field sampling, environmental samples, sequencing of selected DNA (Metabarcoding)",NA,2.5,0,2.5,2.5,1.88,3,4,4,1,3,3.12,3.12,3.2,0,2.36,1,1,1,3,3,1,1,1,3,1,2,1,2,1,2,0,2,,
,Earthworms,Community_methods,"Qualitative identification, field sampling, organisms extraction, sequencing of selected DNA (Metabarcoding)",NA,2.5,0,2.5,2.5,1.88,3,4,4,1,3,3.12,3.12,3.2,0,2.36,1,1,1,2,3,1,1,1,2,1,2,1,2,1,2,0,2,,
,Enchytraeids,Community_methods,"Extraction from soil, counting and biomass determination",,1,0,2,2,1.25,3,3,3,1,3,2.01,2.01,2.08,0,1.52,1,1,1,2,2,1,1,1,3,2,2,3,2,1,2,1,3,,
,Enchytraeids,Community_methods,"Qualitative identification, field sampling, environmental samples, sequencing of selected DNA (Metabarcoding)",,2,0,2,2,1.5,3,3,3,1,3,2.01,2.01,2.08,0,1.52,1,1,1,3,3,1,1,1,3,1,2,1,2,1,2,0,2,,
,Enchytraeids,Community_methods,"Qualitative identification, field sampling, organisms extraction, sequencing of selected DNA (Metabarcoding)",,2,0,2,2,1.5,3,3,3,1,3,2.01,2.01,2.08,0,1.52,1,1,1,2,3,1,1,1,2,1,2,1,2,1,2,0,2,,
,Enchytraeids,Community_methods,Extraction from soil and morphological identification,,2,0,2,2,1.5,3,3,3,1,3,2.01,2.01,2.08,0,1.52,1,1,1,1,2,1,1,1,3,1,1,2,1,1,2,1,3,,
,Enhancing plant metabolism,Process,"Culturing of organisms and extraction of specific compounds produced (antibiotic substances, siderophores) ",,0,4,0,0,1,1,1,1,1,1,0,0,0,5,1.25,1,1,1,1,0,1,1,0,3,2,2,3,1,1,2,1,3,,
,Enhancing plant metabolism,Process,In vitro bioassays of plant growth promoting activities,,0,5,0,0,1.25,1,1,1,1,1,0,0,0,5,1.25,1,1,1,1,0,1,1,0,3,3,2,3,1,1,2,1,3,,
,Enhancing plant metabolism,Process,Quantification of selected functional transcripts with RT-PCR ,,0,4,0,0,1,1,1,1,1,1,0,0,0,5,1.25,1,1,1,3,3,1,1,1,3,2,2,2,2,2,2,1,2,,
,Enhancing plant metabolism,Process,Quantification of selected functional genes with qPCR ,,0,3,0,0,0.75,1,1,1,1,1,0,0,0,5,1.25,1,1,1,4,3,1,1,1,3,2,2,2,2,2,2,1,2,,
,Exudation,Process,Exudate collection and measure of total dissolved organic carbon,,4,0,0,0,1,1,1,1,1,1,5,0,0,0,1.25,1,1,1,2,0,1,0,0,3,2,3,3,1,1,2,2,3,,
,Fragmentation,Process,Activity of soil fauna with litterbag test ,,5,0,5,5,3.75,1,1,1,1,3,5,5,5,0,3.75,1,1,1,2,0,0,0,0,3,3,3,3,1,1,2,2,3,,
,Fragmentation,Process,Soil fauna feeding activity with bait lamina,,5,0,5,5,3.75,1,1,1,1,3,5,5,5,0,3.75,1,1,1,2,0,0,0,0,3,3,3,3,1,1,2,2,3,,
,Fragmentation,Process,Decomposition rate upon chemical faunal exclusion,,5,0,5,5,3.75,1,1,1,1,3,5,5,5,0,3.75,1,1,1,2,0,0,0,0,3,3,3,3,1,1,2,1,3,,
,Free-living N-fixing bacteria,Actor_specific,"Qualitative identification, field sampling, sequencing of selected DNA (Metabarcoding with nifH primer)",N fixation,0,0,3,0,0.75,1,1,1,1,1,0,3.31,0,0,0.83,1,1,1,3,3,1,1,1,3,1,2,1,2,1,2,1,2,,
,Free-living N-fixing bacteria,Actor_specific,"Quantification, field sampling, environmental samples, qPCR of nifH functional gene",N fixation,0,0,3,0,0.75,1,1,1,1,1,0,3.31,0,0,0.83,1,1,1,4,3,1,1,1,3,2,2,2,2,2,2,1,2,,
,Fungi,Actor_general,"Quantification, and identification: Plating techniques",NA,1,1,1,1,1,3,4,3,4,4,2.65,2.83,3.19,2.91,2.9,1,1,1,1,1,1,1,0,3,3,2,3,1,2,2,1,3,,
,Fungi,Actor_general,Ergosterol content ,NA,1,1,1,1,1,3,4,3,4,4,2.65,2.83,3.19,2.91,2.9,1,1,1,2,3,1,1,1,3,2,2,3,1,2,2,2,3,,
,Fungi,Actor_general,Selective inhibition + SIR ,NA,1,1,1,1,1,3,4,3,4,4,2.65,2.83,3.19,2.91,2.9,1,1,1,2,2,1,1,0,2,3,3,3,1,1,1,2,3,,
,Fungi,Actor_general,"Molecular quantification, qPCR",NA,1,1,1,1,1,3,4,3,4,4,2.65,2.83,3.19,2.91,2.9,1,1,1,4,3,1,1,1,3,2,2,2,2,2,2,2,2,,
,Fungi,Actor_general,Microscopy ,NA,1,1,1,1,1,3,4,3,4,4,2.65,2.83,3.19,2.91,2.9,1,1,1,1,1,1,1,1,3,3,3,3,1,1,2,2,3,,
,Fungi,Community_methods,PLFA ,NA,1,1,1,1,1,4,4,3,4,4,2.65,2.83,3.19,2.91,2.9,1,1,1,2,3,1,1,1,3,2,3,2,2,2,3,2,3,,
,Fungi,Community_methods,Metabarcoding of general fungi 18S,,2,2,2,2,2,4,4,3,4,4,2.65,2.83,3.19,2.91,2.9,1,1,1,3,3,1,1,1,3,1,2,1,2,1,2,1,2,,
,Fungivorous nematodes,Actor_specific,"Quantification of selected (groups of) species, field sampling, extraction, qPCR (quantitative for targeted markers)",NA,3,3,3,0,2.25,2,1,1,1,3,3.22,3.01,0,3.43,2.42,1,1,1,3,2,1,1,1,2,2,2,2,2,2,2,1,2,,
,Growth promoting archaea,Actor_specific,"Quantification, field sampling, environmental samples, qPCR of specific PGPA",Plant metab. enhanc.,0,3,0,0,0.75,1,1,1,1,1,0,0,0,1.95,0.49,1,1,1,4,3,1,1,1,3,2,2,2,2,2,2,1,2,,
,Growth promoting bacteria,Actor_specific,"Quantification, and identification: Plating techniques, may include selective cultivation and counting",Plant metab. enhanc.,0,3,0,0,0.75,1,1,1,2,1,0,0,0,3.54,0.88,1,1,1,1,1,1,1,0,3,3,2,3,1,1,2,1,3,,
,Growth promoting bacteria,Actor_specific,"Direct microscopy (Detect, identify and enumerate with fluorescent techniques )",Plant metab. enhanc.,0,3,0,0,0.75,1,1,1,2,1,0,0,0,3.54,0.88,1,1,1,1,1,1,1,1,3,3,3,3,1,1,2,1,3,,
,Growth promoting bacteria,Actor_specific,"Quantification of selected (groups of) species, field sampling, environmental samples, qPCR (quantitative for targeted markers)",Plant metab. enhanc.,0,3,0,0,0.75,1,1,1,2,1,0,0,0,3.54,0.88,1,1,1,4,3,1,1,1,3,2,2,2,2,2,2,1,3,,
,Growth promoting fungi,Actor_specific,Microscopy ,Plant metab. enhanc.,0,0,3,0,0.75,1,1,1,2,1,0,0,0,3.34,0.84,1,1,1,1,1,1,1,1,3,3,3,3,1,1,2,2,3,,
,Growth promoting fungi,Actor_specific,Serological methods (ELISA) for identifying growth promoting fungi,Plant metab. enhanc.,0,0,3,0,0.75,1,1,1,2,1,0,0,0,3.34,0.84,1,1,1,2,3,1,1,1,3,2,2,3,2,1,3,2,3,,
,Growth promoting fungi,Actor_specific,"Molecular quantification, qPCR",Plant metab. enhanc.,0,0,3,0,0.75,1,1,1,2,1,0,0,0,3.34,0.84,1,1,1,4,3,1,1,1,3,2,2,2,2,2,2,1,2,,
,Growth promoting fungi,Actor_specific,Cultivation with specific media,Plant metab. enhanc.,0,0,3,0,0.75,1,1,1,2,1,0,0,0,3.34,0.84,1,1,1,1,1,1,1,0,3,3,2,3,1,1,2,2,3,,
,Induced systemic resistance and defence activation,Process,Quantification of selected functional genes with qPCR ,,0,3,0,0,0.75,1,1,1,1,1,0,0,0,5,1.25,1,1,1,4,3,1,1,1,3,2,2,2,2,2,2,1,2,,
,Induced systemic resistance and defence activation,Process,Quantification of selected functional transcripts with RT-PCR ,,0,4,0,0,1,1,1,1,1,1,0,0,0,5,1.25,1,1,1,3,3,1,1,1,3,2,2,2,2,2,2,1,2,,
,Induced systemic resistance and defence activation,Process,Bioassays measuring the induction of system resistance,,0,5,0,0,1.25,1,1,1,1,1,0,0,0,5,1.25,1,1,1,1,0,1,1,0,3,3,2,3,1,1,2,1,3,,
,Isopods,Actor_general,Hand-sorting on site and counting and/or biomass measurement,"Fragmentation, bioaccumulation",1,0,1,1,0.75,1,1,2,1,3,2.84,2.84,2.66,0,2.08,1,1,1,2,0,1,1,1,3,3,3,3,2,0,2,2,3,,
,Isopods,Actor_general,Quadrant sampling and soil core sampling and high gradient extractor  (40 x 40 cm litter + soil) and identification,"Fragmentation, bioaccumulation",2,0,2,2,1.5,1,1,2,1,3,2.84,2.84,2.66,0,2.08,1,1,1,1,2,1,1,1,2,1,2,1,1,1,2,2,2,,
,Isopods,Actor_general,Quadrant sampling and soil core sampling and high gradient extractor  (40 x 40 cm litter + soil) and counting and/or biomass determination,"Fragmentation, bioaccumulation",1,0,1,1,0.75,1,1,2,1,3,2.84,2.84,2.66,0,2.08,1,1,1,2,2,1,1,1,2,2,3,3,2,1,2,2,2,,
,Isopods,Actor_general,Pitfall trap,"Fragmentation, bioaccumulation",1,0,1,1,0.75,1,1,2,1,3,2.84,2.84,2.66,0,2.08,1,1,1,2,0,0,1,1,3,3,2,2,2,0,1,2,3,,
,Isopods,Actor_general,"Qualitative identification, field sampling, sequencing of selected DNA (Metabarcoding)","Fragmentation, bioaccumulation",2,0,2,2,1.5,1,1,2,1,3,2.84,2.84,2.66,0,2.08,1,1,1,3,3,1,1,1,3,1,2,1,2,1,2,0,2,,
,Isopods,Actor_general,"Qualitative identification, field sampling, extraction sequencing of selected DNA (Metabarcoding)","Fragmentation, bioaccumulation",2,0,2,2,1.5,1,1,2,1,3,2.84,2.84,2.66,0,2.08,1,1,1,2,3,1,1,1,2,1,2,1,2,1,2,0,2,,
,Isopods,Actor_general,Hand-sorting on site and identification,"Fragmentation, bioaccumulation",2,0,2,2,1.5,1,1,2,1,3,2.84,2.84,2.66,0,2.08,1,1,1,1,0,1,1,1,3,2,2,2,1,0,2,2,3,,
,Macropore formation,Process,"The number of soil macropores, e.g. from anecic earthworm burrows, can be related to hydrological soil properties",,0,0,0,5,1.25,1,1,1,1,1,0,0,5,0,1.25,1,1,1,1,1,1,0,0,2,2,2,2,1,1,2,1,3,,
,Methanogenesis,Process,Incubation and measurement of methane with FID-GC in the lab,,5,0,0,0,1.25,1,1,1,1,1,5,0,0,0,1.25,1,1,1,2,1,1,1,0,3,3,3,3,1,1,3,2,3,,
,Methanogenesis,Process,Quantitication of selected fuctional genes with qPCR (mcrA gene),,3,0,0,0,0.75,1,1,1,1,1,5,0,0,0,1.25,1,1,1,4,3,1,1,1,3,2,2,2,2,2,2,1,2,,
,Methanogenesis,Process,Quantitication of selected fuctional transcript with RT-qPCR (mcrA gene),,4,0,0,0,1,1,1,1,1,1,5,0,0,0,1.25,1,1,1,3,3,1,1,1,3,2,2,2,2,2,2,1,2,,
,Methanogenesis,Process,Measurement of CO2 emission with gas analyser in the field with chambers,,5,0,0,0,1.25,1,1,1,1,1,5,0,0,0,1.25,1,1,1,2,0,0,1,0,3,3,3,2,1,2,2,2,3,,
,Methanogenic archaea,Actor_specific,"Qualitative identification, field sampling, environmental samples, sequencing of selected DNA (Metabarcoding of mcrA functional gene)",Methanogenesis,3,0,0,0,0.75,1,1,1,1,1,4,0,0,0,1,1,1,1,3,3,1,1,1,3,1,2,1,2,1,2,1,2,,
,Methanogenic archaea,Actor_specific,"Quantification, field sampling, environmental samples, qPCR of mcrA functional genes",Methanogenesis,3,0,0,0,0.75,1,1,1,1,1,4,0,0,0,1,1,1,1,4,3,1,1,1,3,2,2,2,2,2,2,1,2,,
,Methanotrophic archaea,Actor_specific,FISH,Methanotrophy,3,0,0,0,0.75,1,1,1,1,1,2.63,0,0,0,0.66,1,1,1,1,1,1,1,1,3,3,3,3,2,1,2,1,3,,
,Methanotrophic archaea,Actor_specific,"Qualitative identification, field sampling, environmental samples, sequencing of selected DNA (Metabarcoding of pmoA functional gene)",Methanotrophy,3,0,0,0,0.75,1,1,1,1,1,2.63,0,0,0,0.66,1,1,1,3,3,1,1,1,3,1,2,1,2,1,2,1,2,,
,Methanotrophic archaea,Actor_specific,"Quantification, field sampling, environmental samples, qPCR of pmoA functional genes",Methanotrophy,3,0,0,0,0.75,1,1,1,1,1,2.63,0,0,0,0.66,1,1,1,4,3,1,1,1,3,2,2,2,2,2,2,1,2,,
,Methanotrophic bacteria,Actor_specific,Culture techniques for isolation of methanotrophic bacteria,Methanotrophy,3,0,0,0,0.75,1,1,1,1,1,3.54,0,0,0,0.88,1,1,1,1,1,1,1,0,3,3,2,3,1,2,2,1,3,,
,Methanotrophic bacteria,Actor_specific,Quantification and qualitative identification of broader groups: PLFA,Methanotrophy,3,0,0,0,0.75,1,1,1,1,1,3.54,0,0,0,0.88,1,1,1,2,3,1,1,1,3,2,3,2,2,2,3,2,3,,
,Methanotrophic bacteria,Actor_specific,"Quantification, field sampling, environmental samples, qPCR of pmoA gene",Methanotrophy,3,0,0,0,0.75,1,1,1,1,1,3.54,0,0,0,0.88,1,1,1,4,3,1,1,1,3,2,2,2,2,2,2,1,2,,
,Methanotrophic bacteria,Actor_specific,"Qualitative identification, field sampling, environmental samples, sequencing of selected DNA (Metabarcoding with pmoA gene)",Methanotrophy,3,0,0,0,0.75,1,1,1,1,1,3.54,0,0,0,0.88,1,1,1,3,3,1,1,1,3,1,2,1,2,1,2,1,2,,
,Methanotrophy,Process,Quantification of selected fuctional genes with qPCR (pmoA gene),,3,0,0,0,0.75,1,1,1,1,1,5,0,0,0,1.25,1,1,1,4,3,1,1,1,3,2,2,2,2,2,2,1,2,,
,Methanotrophy,Process,Quantification of selected fuctional transcript with RT-qPCR (pmoA gene),,4,0,0,0,1,1,1,1,1,1,5,0,0,0,1.25,1,1,1,3,3,1,1,1,3,2,2,2,2,2,2,1,2,,
,Methanotrophy,Process,Incubation experiments measuring methane consumption (5 days),,5,0,0,0,1.25,1,1,1,1,1,5,0,0,0,1.25,1,1,1,2,3,1,1,2,3,2,3,3,2,1,3,1,3,,
,Microbial assimilation,Subprocess,"Microbial biomass using chloroform fumigation (C,N,P,S)",,3,0,3,3,2.25,1,1,1,1,3,5,5,5,0,3.75,1,1,1,2,2,1,1,0,2,2,3,3,2,1,3,2,3,,
,Microbial assimilation,Subprocess,Microbial growth rate with TdR and Leucincin incorporation (bacteria),,5,0,5,5,3.75,1,1,1,1,3,5,5,5,0,3.75,1,1,1,4,1,1,1,0,3,2,3,3,3,1,3,1,3,,
,Microbial assimilation,Subprocess,Microbial growth rate with acetate (fungi),,5,0,5,5,3.75,1,1,1,1,3,5,5,5,0,3.75,1,1,1,4,1,1,1,0,3,2,3,3,3,1,3,1,3,,
,Microbial community,Community_methods,Metagenomic of environmental samples,,3,3,3,3,3,4,4,4,4,4,3.35,3.43,3.19,2.91,3.15,1,1,1,3,3,1,1,1,3,1,2,1,2,1,2,1,2,,
,Microbial grazing,Process,Activity of soil fauna with litterbag test,,4,4,0,0,2,1,1,1,1,2,5,0,0,5,2.5,1,1,1,2,0,0,0,0,3,2,3,3,1,1,2,2,3,,
,Microbial grazing,Process,Activity of soil fauna with Bait lamina test,,4,4,0,0,2,1,1,1,1,2,5,0,0,5,2.5,1,1,1,2,0,0,0,0,3,3,3,3,1,1,2,2,3,,
,Microbial respiration,Process,Soil respiration with incubation and measure of CO2 evolution with alkali trap,,5,0,0,0,1.25,1,1,1,1,1,5,0,0,0,1.25,1,1,1,2,2,1,1,0,3,3,3,3,2,2,3,2,3,,
,Microbial respiration,Process,Catabolic profiling with MicroResp,,5,0,0,0,1.25,1,1,1,1,1,5,0,0,0,1.25,1,1,1,2,2,1,1,0,3,2,2,2,2,1,1,1,3,,
,Microbial respiration,Process,Measure of CO2 evolution with closed box method in situ,,5,0,0,0,1.25,1,1,1,1,1,5,0,0,0,1.25,0,1,0,2,0,0,1,0,3,3,3,3,2,1,3,1,3,,
,Microbial respiration,Process,Soil respiration with incubation and measure of CO2 evolution with gas analyzer,,5,0,0,0,1.25,1,1,1,1,1,5,0,0,0,1.25,1,1,1,2,2,1,1,0,3,3,3,3,2,2,3,2,3,,
,Millipedes,Actor_general,Hand-sorting on site and identification,"Fragmentation, bioaccumulation",2,0,2,2,1.5,1,1,2,1,3,3.2,3.2,2.65,0,2.26,1,1,1,2,0,1,1,1,3,3,2,2,2,0,2,2,3,,
,Millipedes,Actor_general,Hand-sorting on site and counting and/or biomass measurement,"Fragmentation, bioaccumulation",1,0,1,1,0.75,1,1,2,1,3,3.2,3.2,2.65,0,2.26,1,1,1,2,0,1,1,1,3,3,3,3,2,0,2,2,3,,
,Millipedes,Actor_general,"Sampling, extraction and counting and/or biomass measurements","Fragmentation, bioaccumulation",1,0,1,1,0.75,1,1,2,1,3,3.2,3.2,2.65,0,2.26,1,1,1,2,2,1,1,1,2,2,3,3,2,1,2,2,2,,
,Millipedes,Actor_general,"Qualitative identification, field sampling, sequencing of selected DNA (Metabarcoding)","Fragmentation, bioaccumulation",2,0,2,2,1.5,1,1,2,1,3,3.2,3.2,2.65,0,2.26,1,1,1,3,3,1,1,1,3,1,2,1,2,1,2,0,2,,
,Millipedes,Actor_general,"Qualitative identification, field sampling, extraction, sequencing of selected DNA (Metabarcoding)","Fragmentation, bioaccumulation",2,0,2,2,1.5,1,1,2,1,3,3.2,3.2,2.65,0,2.26,1,1,1,2,3,1,1,1,2,1,2,1,2,1,2,0,2,,
,Millipedes,Actor_general,"Sampling, Extraction and identification","Fragmentation, bioaccumulation",2,0,2,2,1.5,1,1,2,1,3,3.2,3.2,2.65,0,2.26,1,1,1,1,2,1,1,1,2,1,2,1,1,1,2,2,2,,
,Millipedes,Actor_general,Pitfall trap,"Fragmentation, bioaccumulation",2,0,2,2,1.5,1,1,2,1,3,3.2,3.2,2.65,0,2.26,1,1,1,2,0,0,1,1,3,3,2,2,2,0,1,2,3,,
,Mineralisation,Process,Measurement of CO2 emission with gas analyser in the field with chambers,,0,0,5,0,1.25,1,1,1,1,1,0,5,0,0,1.25,1,1,1,2,0,0,1,0,3,3,3,2,1,2,2,2,3,,
,Mineralisation,Process,Potentially mineralisable N anaerobic incubation (1 week),,0,0,5,0,1.25,1,1,1,1,1,0,5,0,0,1.25,1,1,1,2,2,1,1,0,3,3,3,3,1,2,3,2,3,,
,Mineralisation,Process,Soil respiration with incubation and measure of CO2 evolution with gas analyzer,,0,0,5,0,1.25,1,1,1,1,1,0,5,0,0,1.25,1,1,1,2,2,1,1,0,3,3,3,3,2,2,3,2,3,,
,Mineralisation,Process,In situ net N mineralisation with soil resin trap,,0,0,5,0,1.25,1,1,1,1,1,0,5,0,0,1.25,1,1,1,1,0,0,0,0,3,3,3,3,1,1,2,1,3,,
,Mineralisation,Process,Catabolic profiling with MicroResp,,0,0,5,0,1.25,1,1,1,1,1,0,5,0,0,1.25,1,1,1,2,1,1,1,0,3,2,2,2,2,1,1,1,3,,
,Mineralisation,Process,Tea bag decomposition,,0,0,5,0,1.25,1,1,1,1,1,0,5,0,0,1.25,1,1,1,2,0,0,0,0,3,2,3,3,1,1,2,2,3,,
,Mineralisation,Process,Fluorimetric enzyme analysis ,,0,0,4,0,1,1,1,1,1,1,0,5,0,0,1.25,1,1,1,2,3,1,1,0,3,2,3,2,2,1,3,2,2,,
,Mineralisation,Process,Soil respiration with incubation and measure of CO2 evolution with alkali trap,,0,0,5,0,1.25,1,1,1,1,1,0,5,0,0,1.25,1,1,1,2,2,1,1,0,3,3,3,3,2,2,3,2,3,,
,Mineralisation,Process,FDA activity,,0,0,4,0,1,1,1,1,1,1,0,5,0,0,1.25,1,1,1,2,3,1,1,0,3,2,3,3,2,1,3,2,3,,
,Mineralisation,Process,Beta-glucosidase for C mineralization (BG),,0,0,4,0,1,1,1,1,1,1,0,5,0,0,1.25,1,1,1,2,3,1,1,0,3,2,3,3,2,1,3,2,3,,
,Mineralisation,Process,N-acetyl-beta-D-glucosaminidase (NAG) for N and C mineralization,,0,0,4,0,1,1,1,1,1,1,0,5,0,0,1.25,1,1,1,2,3,1,1,0,3,2,3,3,2,1,3,2,3,,
,Mineralisation,Process,Protease,,0,0,4,0,1,1,1,1,1,1,0,5,0,0,1.25,1,1,1,2,3,1,1,0,3,2,3,3,2,1,3,2,3,,
,Mineralisation,Process,Phosphomonoesterases for P mineralization,,0,0,4,0,1,1,1,1,1,1,0,5,0,0,1.25,1,1,1,2,3,1,1,0,3,2,3,3,2,1,3,2,3,,
,Mineralisation,Process,Arylsulphatase (as) for S mineralization,,0,0,4,0,1,1,1,1,1,1,0,5,0,0,1.25,1,1,1,2,3,1,1,0,3,2,3,3,2,1,3,2,3,,
,Mineralisation,Process,Quantification of phoD and phoC functional gene with qPCR for P mineralization,,0,0,4,0,1,1,1,1,1,1,0,5,0,0,1.25,1,1,1,4,3,1,1,1,3,2,2,2,2,2,2,1,2,,
,Mineralisation,Process,"Quantification of atsA, and asfA functional gene with qPCR for S mineralization",,0,0,4,0,1,1,1,1,1,1,0,5,0,0,1.25,1,1,1,4,3,1,1,1,3,2,2,2,2,2,2,1,2,,
,Mineralisation,Process,Enzymatic activity arginine ammonification,,0,0,4,0,1,1,1,1,1,1,0,5,0,0,1.25,1,1,1,2,3,1,1,0,3,3,3,3,2,2,3,2,3,,
,Mineralisation,Process,Quantification of functional genes of ammonification with qPCR,,0,0,3,0,0.75,1,1,1,1,1,0,5,0,0,1.25,1,1,1,4,3,1,1,1,3,2,2,2,2,2,2,1,2,,
,Mineralisation,Process,Quantification of functional transcripts of ammonification with RT-qPCR,,0,0,4,0,1,1,1,1,1,1,0,5,0,0,1.25,1,1,1,3,3,1,1,1,3,2,2,2,2,2,2,1,2,,
,Mineralisation,Process,Dehydrogenase activity ,,0,0,4,0,1,1,1,1,1,1,0,5,0,0,1.25,1,1,1,2,3,1,1,0,3,2,3,3,2,1,3,2,3,,
,Mutualistic N-fixing bacteria,Actor_specific,Plant infection method combined with the MPN,N fixation,0,0,3,0,0.75,1,1,1,1,1,0,3.09,0,0,0.77,1,1,1,1,1,1,0,0,2,3,3,3,1,1,2,1,3,,
,Mutualistic N-fixing bacteria,Actor_specific,"Quantification, field sampling, environmental samples, qPCR of functional gene",N fixation,0,0,3,0,0.75,1,1,1,1,1,0,3.09,0,0,0.77,1,1,1,4,3,1,1,1,3,2,2,2,2,2,2,1,2,,
,Mutualistic N-fixing bacteria,Actor_specific,Isolation and cultivation from roots,N fixation,0,0,3,0,0.75,1,1,1,1,1,0,3.09,0,0,0.77,1,1,1,1,1,1,0,0,2,3,2,3,1,1,2,1,3,,
,Mycorrhizal fungi,Actor_specific,Root staining and microscopy (arbuscular mycorrhizae),"Root foraging, mycorrhizal acquisition, mycorrhizal C translocation",3,0,3,3,2.25,2,1,1,1,3,2.48,4,2.98,0,2.37,1,1,1,1,1,1,0,1,3,2,2,3,1,1,2,2,3,,
,Mycorrhizal fungi,Actor_specific,Hyphal length density (length of extraradical hyphae),"Root foraging, mycorrhizal acquisition, mycorrhizal C translocation",3,0,3,3,2.25,2,1,1,1,3,2.48,4,2.98,0,2.37,1,1,1,1,1,1,0,1,3,2,2,3,1,1,2,2,3,,
,Mycorrhizal fungi,Actor_specific,Spore counts and microscopy in roots,"Root foraging, mycorrhizal acquisition, mycorrhizal C translocation",3,0,3,3,2.25,2,1,1,1,3,2.48,4,2.98,0,2.37,1,1,1,1,1,1,0,2,3,2,2,3,1,1,2,2,3,,
,Mycorrhizal fungi,Actor_specific,"Molecular quantification, qPCR in soil","Root foraging, mycorrhizal acquisition, mycorrhizal C translocation",3,0,3,3,2.25,2,1,1,1,3,2.48,4,2.98,0,2.37,1,1,1,4,3,1,1,1,3,2,2,2,2,2,2,0,2,,
,Mycorrhizal fungi,Actor_specific,"Molecular quantification, qPCR in roots","Root foraging, mycorrhizal acquisition, mycorrhizal C translocation",3,0,3,3,2.25,2,1,1,1,3,2.48,4,2.98,0,2.37,1,1,1,4,3,1,0,1,3,2,2,2,2,2,2,1,2,,
,Mycorrhizal fungi,Actor_specific,Spore counts and microscopy in soil,"Root foraging, mycorrhizal acquisition, mycorrhizal C translocation",3,0,3,3,2.25,2,1,1,1,3,2.48,4,2.98,0,2.37,1,1,1,1,1,1,1,2,3,2,2,3,1,1,2,2,3,,
,Mycorrhizal fungi,Community_methods,Specific PLFA and NLFA in soil,"Root foraging, mycorrhizal acquisition, mycorrhizal C translocation",3,0,3,3,2.25,2,1,1,1,3,0,0,0,0,0,1,1,1,2,3,1,1,1,3,2,3,2,2,2,3,2,3,,
,Mycorrhizal fungi,Community_methods,Specific PLFA and NLFA in roots,"Root foraging, mycorrhizal acquisition, mycorrhizal C translocation",3,0,3,3,2.25,2,1,1,1,3,0,0,0,0,0,1,1,1,2,3,1,0,1,3,2,3,2,2,2,3,2,3,,
,Mycorrhizal fungi,Community_methods,"Qualitative identification, field sampling, Metabarcoding in soil","Root foraging, mycorrhizal acquisition, mycorrhizal C translocation",3,0,3,3,2.25,2,1,1,1,3,0,0,0,0,0,1,1,1,3,3,1,1,1,3,1,2,1,2,1,2,0,2,,
,Mycorrhizal fungi,Community_methods,"Qualitative identification, field sampling, Metabarcoding in roots","Root foraging, mycorrhizal acquisition, mycorrhizal C translocation",3,0,3,3,2.25,2,1,1,1,3,0,0,0,0,0,1,1,1,3,3,1,0,1,3,1,2,1,2,1,2,1,2,,
,N fixation,Process,Acetylene reduction assay to measure nitrogenase activity ,,0,0,4,0,1,1,1,1,1,1,0,5,0,0,1.25,1,1,1,2,0,1,1,0,3,3,3,3,2,2,3,1,3,,
,N fixation,Process,Quantification of nif functional gene with qPCR from roots,,0,0,3,0,0.75,1,1,1,1,1,0,5,0,0,1.25,1,1,1,4,3,1,0,1,3,2,2,2,2,2,2,1,2,,
,N fixation,Process,Quantification of nif functional gene with qPCR from soil,,0,0,3,0,0.75,1,1,1,1,1,0,5,0,0,1.25,1,1,1,4,3,1,1,1,3,2,2,2,2,2,2,1,2,,
,N fixation,Process,Quantification nif(H) functional transcript with RT-qPCR from soil,,0,0,4,0,1,1,1,1,1,1,0,5,0,0,1.25,1,1,1,3,3,1,1,1,3,2,2,2,2,2,2,1,3,,
,N fixation,Process,Nitrogen fixation by 15N tracer method ,,0,0,5,0,1.25,1,1,1,1,1,0,5,0,0,1.25,1,1,1,2,0,1,1,0,3,1,3,3,2,2,3,1,1,,
,Nematodes,Actor_general,"Total counting, field sampling, extract animals, microscope",NA,1,1,1,0,0.75,3,2,1,3,3,3.19,3.01,0,2.9,2.27,1,1,1,3,2,1,1,1,2,3,3,3,2,1,2,2,2,,
,Nematodes,Community_methods,"Morphological ID , field sampling, extract animals, microscope, and feeding groups",NA,3,3,3,0,2.25,4,3,1,4,3,3.19,3.01,0,2.9,2.27,1,1,1,2,2,1,1,1,2,2,2,2,1,1,2,2,2,,
,Nematodes,Community_methods,"Field sampling, extraction, microscopic counts and morphological identification in taxa and/or Calculation of total nematode or specific groups biomass based on taxon specific data",NA,3,3,3,0,2.25,4,3,1,4,3,3.19,3.01,0,2.9,2.27,1,1,1,1,2,1,1,1,2,1,1,2,1,1,2,2,2,,
,Nematodes,Community_methods,"Food web assessment based on the assignment of nematodes to functional groups  (guilds), i.e combination of trophic preference and life strategy (cp value) and Maturity index based on the cp vaues.  (food web diagnostics)",NA,3,3,3,0,2.25,4,3,1,4,3,3.19,3.01,0,2.9,2.27,1,1,1,1,2,1,1,1,2,1,1,2,1,1,2,2,2,,
,Nematodes,Community_methods,"Qualitative identification, field sampling, extract, sequencing of selected DNA (Metabarcoding)",NA,2.5,2.5,2.5,0,1.88,4,3,1,4,3,3.19,3.01,0,2.9,2.27,1,1,1,2,2,1,1,1,2,1,2,1,2,1,2,0,2,,
,Nematodes,Community_methods,"Quantification of selected (groups of) species, field sampling, extraction, qPCR (quantitative for targeted markers)",NA,3,3,3,0,2.25,4,3,1,4,3,3.19,3.01,0,2.9,2.27,1,1,1,3,2,1,1,1,2,2,2,2,2,2,2,1,2,,
,Nematodes,Community_methods,Lifetime amount of carbon metabolized and  used for body growth and egg production (for each functional group or the entire community). Estimation is based on body volume and weight (morphometry) (metabolic footprint),NA,3,3,3,0,2.25,4,3,1,4,3,3.19,3.01,0,2.9,2.27,1,1,1,1,2,1,1,1,2,1,1,2,1,1,2,2,2,,
,N-fixing archaea,Actor_specific,"Qualitative identification, field sampling, environmental samples, sequencing of selected DNA (Metabarcoding of nifH functional gene)",N-fixation,0,0,3,0,0.75,1,1,1,1,1,0,2.4,0,0,0.6,1,1,1,3,3,1,1,1,3,1,2,1,2,1,2,1,2,,
,N-fixing archaea,Actor_specific,"Quantification, field sampling, environmental samples, qPCR of nif functional genes",N-fixation,0,0,3,0,0.75,1,1,1,1,1,0,2.4,0,0,0.6,1,1,1,4,3,1,1,1,3,2,2,2,2,2,2,1,2,,
,Nitrification,Subprocess,Net nitrification by incubation ,,5,0,5,0,2.5,1,1,1,1,2,5,5,0,0,2.5,1,1,1,1,1,1,1,0,3,3,3,3,1,1,3,2,3,,
,Nitrification,Subprocess,Potential nitrification by shaking soil slurries  24h,,5,0,5,0,2.5,1,1,1,1,2,5,5,0,0,2.5,1,1,1,2,1,1,1,0,3,3,3,3,2,1,3,2,3,,
,Nitrification,Subprocess,Net nitrification by Field incubation,,5,0,5,0,2.5,1,1,1,1,2,5,5,0,0,2.5,1,1,1,1,0,1,0,0,3,3,3,3,1,1,3,2,3,,
,Nitrification,Subprocess,Gross nitrification by inhibition ,,5,0,5,0,2.5,1,1,1,1,2,5,5,0,0,2.5,1,1,1,2,0,1,1,0,3,3,3,3,2,2,3,2,3,,
,Nitrification,Subprocess,"Quantification functional genes by qPCR (amoABC, nxrA gene) ",,3,0,3,0,1.5,1,1,1,1,2,5,5,0,0,2.5,1,1,1,4,3,1,1,1,3,2,2,2,2,2,2,1,2,,
,Nitrification,Subprocess,"Quantification functional transcript by RT-qPCR (amoABC, nxrA gene) ",,4,0,4,0,2,1,1,1,1,2,5,5,0,0,2.5,1,1,1,3,3,1,1,1,3,2,2,2,2,2,2,1,2,,
,Nitrification,Subprocess,Nitrification enzymatic activity (NEA) ,,4,0,4,0,2,1,1,1,1,2,5,5,0,0,2.5,1,1,1,2,3,1,1,0,3,3,3,3,2,2,3,2,3,,
,Nitrifying archaea,Actor_specific,"Quantification, field sampling, environmental samples, qPCR of amoA functional genes",Nitrification,3,0,3,0,1.5,1,1,1,1,2,1.92,1.92,0,0,0.96,1,1,1,4,3,1,1,1,3,2,2,2,2,2,2,1,2,,
,Nitrifying archaea,Actor_specific,"Quantification, field sampling, environmental samples, RT-qPCR of amoA functional transcripts",Nitrification,4,0,4,0,2,1,1,1,1,2,1.92,1.92,0,0,0.96,1,1,1,2,1,1,1,1,3,2,2,2,2,2,2,1,2,,
,Nitrifying archaea,Actor_specific,"Qualitative identification, field sampling, environmental samples, sequencing of selected DNA (Metabarcoding of amoA functional gene)",Nitrification,3,0,3,0,1.5,1,1,1,1,2,1.92,1.92,0,0,0.96,1,1,1,3,3,1,1,1,3,1,2,1,2,1,2,1,2,,
,Nitrifying bacteria,Actor_specific,"Qualitative identification, field sampling, environmental samples, sequencing of selected DNA (Metabarcoding with amoA and nxrB functional gene)",Nitrification,3,0,3,0,1.5,1,1,1,1,2,3.49,3.49,0,0,1.75,1,1,1,3,3,1,1,1,3,1,2,1,2,1,2,1,2,,
,Nitrifying bacteria,Actor_specific,"Quantification, field sampling, environmental samples, qPCR of amoA and nxrB functional gene",Nitrification,3,0,3,0,1.5,1,1,1,1,2,3.49,3.49,0,0,1.75,1,1,1,4,3,1,1,1,3,2,2,2,2,2,2,1,2,,
,Nitrifying bacteria,Actor_specific,Culture-base methods for nitrifying bacteria,Nitrification,3,0,3,0,1.5,1,1,1,1,2,3.49,3.49,0,0,1.75,1,1,1,1,1,1,1,0,3,3,2,3,1,1,2,1,3,,
,Nitrifying fungi,Actor_specific,Cultivation,Nitrification,3,0,3,3,2.25,1,1,1,1,2,2.72,2.72,0,0,1.36,1,1,1,1,1,1,1,0,3,3,2,3,1,1,2,2,3,,
,Omnivorous nematodes,Actor_specific,"Quantification of selected (groups of) species, field sampling, extraction, qPCR (quantitative for targeted markers)",NA,3,3,3,0,2.25,3,2,1,2,3,3.22,3.01,0,3.16,2.35,1,1,1,3,2,1,1,1,2,2,2,2,2,2,2,1,2,,
,Organic matter consumption,Subprocess,Activity of soil fauna with litterbag test ,,5,0,5,0,2.5,1,1,1,1,2,5,5,0,0,2.5,1,1,1,2,0,0,0,0,3,3,3,3,1,1,2,2,3,,
,Organic matter consumption,Subprocess,Tea bag decomposition,,5,0,5,0,2.5,1,1,1,1,2,5,5,0,0,2.5,1,1,1,2,0,0,0,0,3,2,3,3,1,1,2,2,3,,
,Organic matter consumption,Subprocess,Activity of soil fauna with Bait lamina test,,4,0,4,0,2,1,1,1,1,2,5,5,0,0,2.5,1,1,1,2,0,0,0,0,3,3,3,3,1,1,2,2,3,,
,Parasitic bacteria,Actor_specific,"Direct microscopy (Detect, identify and enumerate with fluorescent techniques )",Parasitism,0,3,0,0,0.75,1,1,1,2,1,0,0,0,2.26,0.56,1,1,1,1,1,1,1,1,3,3,3,3,1,1,2,1,3,,
,Parasitic bacteria,Actor_specific,"Quantification, and identification: Plating techniques, may include selective cultivation and counting",Parasitism,0,3,0,0,0.75,1,1,1,2,1,0,0,0,2.26,0.56,1,1,1,1,1,1,1,0,3,3,2,3,1,1,2,1,3,,
,Parasitic bacteria,Actor_specific,"Quantification of selected (groups of) species, field sampling, environmental samples, qPCR (quantitative for targeted markers)",Parasitism,0,3,0,0,0.75,1,1,1,2,1,0,0,0,2.26,0.56,1,1,1,4,3,1,1,1,3,2,2,2,2,2,2,1,2,,
,Parasitic fungi,Actor_specific,Serological methods (ELISA) for identifying pathogens,Parasitism,0,0,3,0,0.75,1,1,1,2,1,0,0,0,2.44,0.61,1,1,1,2,3,1,1,1,3,2,2,3,2,1,3,2,3,,
,Parasitic fungi,Actor_specific,"Molecular quantification, qPCR",Parasitism,0,0,3,0,0.75,1,1,1,2,1,0,0,0,2.44,0.61,1,1,1,4,3,1,1,1,3,2,2,2,2,2,2,1,3,,
,Parasitic fungi,Actor_specific,Cultivation,Parasitism,0,0,3,0,0.75,1,1,1,2,1,0,0,0,2.44,0.61,1,1,1,1,1,1,1,0,3,3,2,3,1,1,2,2,3,,
,Parasitic oomycetes,Actor_specific,ELISA,Resist. And defence,0,3,0,0,0.75,1,1,1,1,1,0,0,0,2,0.5,1,1,1,2,3,1,1,1,3,2,2,3,2,1,3,2,3,,
,Parasitic oomycetes,Actor_specific,Metabarcoding with specific parasitic fungi (i.e. Oomycetes),Resist. And defence,0,3,0,0,0.75,1,1,1,1,1,0,0,0,2,0.5,1,1,1,3,3,1,1,1,3,1,2,1,2,1,2,1,2,,
,Parasitic oomycetes,Actor_specific,"Molecular quantification,qPCR amplification with specific oomycetes",Resist. And defence,0,3,0,0,0.75,1,1,1,1,1,0,0,0,2,0.5,1,1,1,4,3,1,1,1,3,2,2,2,2,2,2,1,2,,
,Parasitic oomycetes,Actor_specific,Cultivation and identification,Resist. And defence,0,3,0,0,0.75,1,1,1,1,1,0,0,0,2,0.5,1,1,1,1,1,1,1,0,3,3,2,3,1,2,2,1,3,,
,Parasitic oomycetes,Actor_specific,Morphological identification with fluorescent probes,Resist. And defence,0,3,0,0,0.75,1,1,1,1,1,0,0,0,2,0.5,1,1,1,1,1,1,1,1,3,3,3,3,1,1,2,2,3,,
,Parasitism,Process,Laboratory assays for assessing parasitism by nematodes,,0,5,0,0,1.25,1,1,1,1,1,0,0,0,5,1.25,1,1,1,1,1,1,1,0,3,3,3,3,1,1,3,1,3,,
,Parasitism,Process,Estimate percentage fungal parasitism against nematodes with bioassays in vitro,,0,5,0,0,1.25,1,1,1,1,1,0,0,0,5,1.25,1,1,1,1,1,1,1,0,3,3,3,3,1,1,3,1,3,,
,Parasitism,Process,Bioassay for parasitism of nematophagous fungus in vivo,,0,5,0,0,1.25,1,1,1,1,1,0,0,0,5,1.25,1,1,1,1,1,1,1,0,2,3,3,3,1,1,3,1,3,,
,Parasitism,Process,Molecular detection of parasites with metabarcoding,,5,5,5,0,3.75,1,1,1,1,1,0,0,0,5,1.25,1,1,1,3,3,1,1,1,3,1,2,1,2,1,2,1,2,,
,Parasitism,Process,Fungal egg parasitism of nematodes in vitro,,0,5,0,0,1.25,1,1,1,1,1,0,0,0,5,1.25,1,1,1,1,1,1,1,0,3,3,3,3,2,1,3,1,3,,
,Parasitoid insects,Actor_specific,Hand-sorting on site identification and counting,Parasitism,0,3,0,0,0.75,1,1,1,1,1,0,0,0,2.54,0.64,1,1,1,2,0,1,1,1,3,3,2,2,2,0,2,2,3,,
,Parasitoid insects,Actor_specific,Pitfall trap,Parasitism,0,3,0,0,0.75,1,1,1,1,1,0,0,0,2.54,0.64,1,1,1,2,0,0,1,1,1,3,2,2,2,0,1,2,3,,
,Parasitoid insects,Actor_specific,Serological methods (ELISA) Immunoassays,Parasitism,0,3,0,0,0.75,1,1,1,1,1,0,0,0,2.54,0.64,1,1,1,2,3,1,1,1,3,2,2,3,2,1,3,2,3,,
,Parasitoid insects,Actor_specific,Allozyme electrophoresis for assessing insect parasitism,Parasitism,0,4,0,0,1,1,1,1,1,1,0,0,0,2.54,0.64,1,1,1,2,1,1,1,0,3,3,3,3,1,1,3,1,3,,
,Parasitoid insects,Actor_specific,"Qualitative identification, field sampling, sequencing of selected DNA (Metabarcoding)",Parasitism,0,2.5,0,0,0.62,1,1,1,1,1,0,0,0,2.54,0.64,1,1,1,3,3,1,1,1,3,1,2,1,2,1,2,0,2,,
,Parasitoid insects,Actor_specific,"Qualitative identification, field sampling, extraction, sequencing of selected DNA (Metabarcoding)",Parasitism,0,2.5,0,0,0.62,1,1,1,1,1,0,0,0,2.54,0.64,1,1,1,2,3,1,1,1,2,1,2,1,2,1,2,0,2,,
,Parasitoid insects,Actor_specific,Berlese extraction and identification,Parasitism,0,3,0,0,0.75,1,1,1,1,1,0,0,0,2.54,0.64,1,1,1,2,2,1,1,1,2,1,2,1,2,1,2,0,2,,
,Pest insects,Actor_specific,Hand-sorting on site identification and counting,Resist. And defence,0,3,0,0,0.75,1,1,1,1,1,0,0,0,1.69,0.42,1,1,1,2,0,1,1,1,3,3,2,2,2,0,2,2,3,,
,Pest insects,Actor_specific,Berlese extraction and identification,Resist. And defence,0,3,0,0,0.75,1,1,1,1,1,0,0,0,1.69,0.42,1,1,1,2,2,1,1,1,2,1,2,1,2,1,2,0,2,,
,Pest insects,Actor_specific,Pitfall trap,Resist. And defence,0,3,0,0,0.75,1,1,1,1,1,0,0,0,1.69,0.42,1,1,1,2,0,0,1,1,3,3,2,2,2,0,1,2,3,,
,Pest insects,Actor_specific,"Qualitative identification, field sampling, sequencing of selected DNA (Metabarcoding)",Resist. And defence,0,2.5,0,0,0.62,1,1,1,1,1,0,0,0,1.69,0.42,1,1,1,3,3,1,1,1,3,1,2,1,2,1,2,0,2,,
,Pest insects,Actor_specific,Extraction of organisms and metabarcoding,Resist. And defence,0,2.5,0,0,0.62,1,1,1,1,1,0,0,0,1.69,0.42,1,1,1,2,2,1,1,1,2,1,2,1,2,1,2,0,2,,
,Pest parasitic nematodes,Actor_specific,"Quantification of selected (groups of) species, field sampling, extraction, qPCR (quantitative for targeted markers)",Parasitism,3,3,3,0,2.25,1,1,1,1,1,0,0,0,2.24,0.56,1,1,1,3,2,1,1,1,2,2,2,2,2,2,2,1,2,,
,Plant parasitic nematodes,Actor_specific,"Quantification of selected (groups of) species, field sampling, extraction, qPCR (quantitative for targeted markers)",Resist. And defence,0,3,0,0,0.75,1,1,1,1,1,0,0,0,1.96,0.49,1,1,1,3,2,1,1,1,2,2,2,2,2,2,2,1,2,,
,Plant roots,Actor_general,Root morphological traits by root sampling/coring  and image analysis ,,1,1,1,1,1,2,2,3,1,4,3.42,3.5,3.33,2.75,3.25,1,1,1,1,2,1,0,1,3,3,2,2,1,0,2,1,3,,
,Plant roots,Actor_general,Root biomass by root sampling/coring ,,1,1,1,1,1,2,2,3,1,4,3.42,3.5,3.33,2.75,3.25,1,1,1,1,2,1,0,0,3,3,2,3,1,0,2,1,3,,
,Plant roots,Actor_general,Root nutrient analysis,,1,1,1,1,1,2,2,3,1,4,3.42,3.5,3.33,2.75,3.25,1,1,1,2,2,1,0,0,3,3,3,3,2,0,2,2,3,,
,Plant roots,Actor_general,Root quantification by qPCR of different plants root species,,1,1,1,1,1,2,2,3,1,4,3.42,3.5,3.33,2.75,3.25,1,1,1,4,3,1,1,1,3,2,2,2,2,2,2,1,2,,
,Predatory ants,Actor_specific,"Morphological ID, pitfall traps, identification and counting",Predation,3,3,3,3,3,1,1,1,1,1,0,0,0,1.74,0.44,1,1,1,2,0,0,1,1,3,3,2,2,2,0,2,2,3,,
,Predatory ants,Actor_specific,"Morphological ID, field sampling, hand sorting animals, identification",Predation,3,3,3,3,3,1,1,1,1,1,0,0,0,1.74,0.44,1,1,1,1,2,1,1,1,2,2,1,2,1,0,2,2,3,,
,Predatory bacteria,Actor_specific,"Quantification, and identification: Plating techniques, may include selective cultivation and counting",Predation,0,3,0,0,0.75,1,1,1,1,1,0,0,0,1.6,0.4,1,1,1,1,1,1,1,0,3,3,2,3,1,1,2,1,3,,
,Predatory bacteria,Actor_specific,"Quantification of selected (groups of) species, field sampling, environmental samples, qPCR (quantitative for targeted markers)",Predation,0,3,0,0,0.75,1,1,1,1,1,0,0,0,1.6,0.4,1,1,1,4,3,1,1,1,3,2,2,2,2,2,2,1,3,,
,Predatory bacteria,Actor_specific,"Direct microscopy (Detect, identify and enumerate with fluorescent techniques )",Predation,0,3,0,0,0.75,1,1,1,1,1,0,0,0,1.6,0.4,1,1,1,1,1,1,1,1,3,3,3,3,1,1,2,1,3,,
,Predatory fungi,Actor_specific,Cultivation and MPN,Predation,0,0,3,0,0.75,1,1,1,1,1,0,0,0,2.46,0.62,1,1,1,1,1,1,1,0,3,3,2,3,1,1,2,2,3,,
,Predatory fungi,Actor_specific,"Quantification, field sampling, environmental samples, qPCR",Predation,0,0,3,0,0.75,1,1,1,1,1,0,0,0,2.46,0.62,1,1,1,4,3,1,1,1,3,2,2,2,2,2,2,1,2,,
,Predatory insects,Actor_specific,Hand-sorting on site identification and counting,Predation,0,3,0,0,0.75,1,1,1,1,1,0,0,0,2.66,0.66,1,1,1,2,0,1,1,1,3,3,2,2,2,0,2,2,3,,
,Predatory insects,Actor_specific,Berlese extraction and identification,Predation,0,3,0,0,0.75,1,1,1,1,1,0,0,0,2.66,0.66,1,1,1,2,2,1,1,1,2,1,2,1,2,1,2,0,2,,
,Predatory insects,Actor_specific,Pitfall trap,Predation,0,3,0,0,0.75,1,1,1,1,1,0,0,0,2.66,0.66,1,1,1,2,0,0,1,1,3,3,2,2,2,0,1,2,3,,
,Predatory insects,Actor_specific,"Qualitative identification, field sampling, extraction, sequencing of selected DNA (Metabarcoding)",Predation,0,2.5,0,0,0.62,1,1,1,1,1,0,0,0,2.66,0.66,1,1,1,2,3,1,1,1,2,1,2,1,2,1,2,0,2,,
,Predatory insects,Actor_specific,"Qualitative identification, field sampling, sequencing of selected DNA (Metabarcoding)",Predation,0,2.5,0,0,0.62,1,1,1,1,1,0,0,0,2.66,0.66,1,1,1,3,3,1,1,1,3,1,2,1,2,1,2,0,2,,
,Predatory nematodes,Actor_specific,"Quantification of selected (groups of) species, field sampling, extraction, qPCR (quantitative for targeted markers)",Predation,3,3,3,0,2.25,1,1,1,1,3,3.01,3.01,0,2.9,2.23,1,1,1,3,2,1,1,1,2,2,2,2,2,2,2,1,3,,
,Protozoa,Community_methods,Cultivation based methods: Liquid aliquot method (LAM) ,Microbial respiration,3,3,3,0,2.25,3,3,1,4,3,2.92,2.86,0,2.84,2.15,1,1,1,1,1,1,1,0,3,1,1,3,1,1,1,1,3,,
,Protozoa,Community_methods,Cultivation based methods: Most probable number technique ,Microbial respiration,2,2,2,0,1.5,3,3,1,4,3,2.92,2.86,0,2.84,2.15,1,1,1,1,1,1,1,0,3,2,2,3,1,1,2,2,3,,
,Protozoa,Community_methods,"Molecular quantification,qPCR amplification",Microbial respiration,3,3,3,0,2.25,3,3,1,4,3,2.92,2.86,0,2.84,2.15,1,1,1,4,3,1,1,1,3,2,2,2,2,2,2,1,2,,
,Protozoa,Community_methods,Metabarcoding ,Microbial respiration,3,3,3,0,2.25,3,3,1,4,3,2.92,2.86,0,2.84,2.15,1,1,1,3,3,1,1,1,3,1,2,1,2,1,2,1,2,,
,Root foraging,Process,Rhizosphere sampling & measuring changes in nutrients & pH in comparison to bulk soil,,0,0,5,0,1.25,1,1,1,1,2,0,5,5,0,2.5,1,1,1,2,1,1,0,2,3,2,3,3,2,1,3,1,3,,
,Root foraging,Process,Phosphatase activity in rhizosphere,,0,0,4,0,1,1,1,1,1,2,0,5,5,0,2.5,1,1,1,2,3,1,1,0,3,3,3,3,2,1,3,2,3,,
,Saprotrophic fungi,Actor_specific,PLFA ,"Microbial assimilation, food web assimilation",3,0,3,3,2.25,1,1,1,1,1,2.91,0,0,0,0.73,1,1,1,2,3,1,1,1,3,2,3,2,2,2,3,2,3,,
,Saprotrophic fungi,Actor_specific,Ergosterol content ,"Microbial assimilation, food web assimilation",1,0,1,1,0.75,1,1,1,1,1,2.91,0,0,0,0.73,1,1,1,2,3,1,1,1,3,2,2,3,1,2,2,2,3,,
,Saprotrophic fungi,Actor_specific,"Quantification, field sampling, environmental samples, qPCR","Microbial assimilation, food web assimilation",3,0,3,3,2.25,1,1,1,1,1,2.91,0,0,0,0.73,1,1,1,4,3,1,1,1,3,2,2,2,2,2,2,1,2,,
,Spiders,Actor_general,"Hand sorting animals in the fiels, identification",Predation; bioaccumulation,0,3,0,3,1.5,1,1,1,1,2,0,0,1.34,2.04,0.84,1,1,1,2,0,1,1,1,3,3,2,2,2,0,2,2,3,,
,Spiders,Actor_general,"Hand sorting animals in the fiels, counting and biomass measurements",Predation; bioaccumulation,0,3,0,3,1.5,1,1,1,1,2,0,0,1.34,2.04,0.84,1,1,1,2,0,1,1,1,3,3,3,3,2,0,2,2,3,,
,Spiders,Actor_general,Berlese-Tullgreen extraction and counting and biomass measurement,Predation; bioaccumulation,0,3,0,3,1.5,1,1,1,1,2,0,0,1.34,2.04,0.84,1,1,1,2,2,1,1,1,2,2,3,3,2,1,2,2,2,,
,Spiders,Actor_general,"Qualitative identification, field sampling, sequencing of selected DNA (Metabarcoding)",Predation; bioaccumulation,0,2.5,0,2.5,1.25,1,1,1,1,2,0,0,1.34,2.04,0.84,1,1,1,3,3,1,1,1,3,1,2,1,2,1,2,0,2,,
,Spiders,Actor_general,"Qualitative identification, field sampling, extraction, sequencing of selected DNA (Metabarcoding)",Predation; bioaccumulation,0,2.5,0,2.5,1.25,1,1,1,1,2,0,0,1.34,2.04,0.84,1,1,1,2,3,1,1,1,2,1,2,1,2,1,2,0,2,,
,Spiders,Actor_general,Pitfall traps,Predation; bioaccumulation,0,3,0,3,1.5,1,1,1,1,2,0,0,1.34,2.04,0.84,1,1,1,2,0,0,1,1,3,3,2,2,2,0,1,2,3,,
,Spiders,Actor_general,Berlese-Tullgreen extraction and identification,Predation; bioaccumulation,0,3,0,3,1.5,1,1,1,1,2,0,0,1.34,2.04,0.84,1,1,1,2,2,1,1,1,2,1,2,1,2,1,2,0,2,,
,Sulphate-reducing bacteria,Actor_specific,Culture techniques for isolation and identification of S reducers bacteria,S transformations,0,0,2,0,0.5,1,1,1,1,1,0,3.09,0,0,0.77,1,1,1,1,1,1,1,0,3,3,2,3,1,2,2,1,3,,
,Sulphate-reducing bacteria,Actor_specific,Quantification and qualitative identification of S reducers PLFA,S transformations,0,0,3,0,0.75,1,1,1,1,1,0,3.09,0,0,0.77,1,1,1,2,3,1,1,1,3,2,3,1,2,2,3,2,3,,
,Sulphate-reducing bacteria,Actor_specific,"Qualitative identification, field sampling, environmental samples, sequencing of selected DNA (Metabarcoding of dsrB functional gene)",S transformations,0,0,3,0,0.75,1,1,1,1,1,0,3.09,0,0,0.77,1,1,1,3,3,1,1,1,3,1,2,1,2,1,2,1,2,,
,Sulphate-reducing bacteria,Actor_specific,"Quantification, field sampling, environmental samples, qPCR of drsB functional gene",S transformations,0,0,3,0,0.75,1,1,1,1,1,0,3.09,0,0,0.77,1,1,1,4,3,1,1,1,3,2,2,2,2,2,2,1,3,,
,Sulphur oxidation,Subprocess,Incubation experiments,,0,0,5,0,1.25,1,1,1,1,1,0,5,0,0,1.25,1,1,1,1,1,1,1,0,3,3,3,3,1,1,3,1,3,,
,Sulphur oxidation,Subprocess,"Quantification field sampling, qPCR (quantitative for targeted markers)",,0,0,3,0,0.75,1,1,1,1,1,0,5,0,0,1.25,1,1,1,4,3,1,1,1,3,2,2,2,2,2,2,1,2,,
,Sulphur-oxidising bacteria,Actor_specific,Culture techniques for isolation and identification of S oxidizers bacteria,S transformations,0,0,2,0,0.5,1,1,1,1,1,0,3.09,0,0,0.77,1,1,1,1,1,1,1,0,3,3,2,3,1,2,2,1,3,,
,Sulphur-oxidising bacteria,Actor_specific,"Qualitative identification, field sampling, extraction from soil, sequencing of selected DNA (Metabarcoding with soxB)",S transformations,0,0,3,0,0.75,1,1,1,1,1,0,3.09,0,0,0.77,1,1,1,3,3,1,1,1,3,1,2,1,2,1,2,1,2,,
,Sulphur-oxidising bacteria,Actor_specific,"Quantification, field sampling, environmental samples, qPCR of soxB gene",S transformations,0,0,3,0,0.75,1,1,1,1,1,0,3.09,0,0,0.77,1,1,1,4,3,1,1,1,3,2,2,2,2,2,2,1,2,,
,Sulphur-oxidising fungi,Actor_specific,Cultivation and identification,Sulphur oxidation,0,0,3,0,0.75,1,1,1,1,1,0,1.8,0,0,0.45,1,1,1,1,1,1,1,0,3,3,2,3,1,1,2,2,3,,
,Virus,Actor_general,Direct counting using microscopy,Parasitism,0,3,0,0,0.75,1,1,1,1,1,0,0,0,3.2,0.8,1,1,1,1,1,1,1,1,3,3,3,3,1,1,2,2,3,,
,Virus,Actor_general,Cultivation and most probable number assays,Parasitism,0,3,0,0,0.75,1,1,1,1,1,0,0,0,3.2,0.8,1,1,1,1,1,1,1,0,3,3,2,3,1,1,2,2,3,,
,Virus,Actor_general,Plaque assay,Parasitism,0,3,0,0,0.75,1,1,1,1,1,0,0,0,3.2,0.8,1,1,1,1,1,1,1,0,3,3,2,3,1,1,2,2,3,,
,Virus,Actor_general,"Molecular quantification, qPCR ",Parasitism,0,3,0,0,0.75,1,1,1,1,1,0,0,0,3.2,0.8,1,1,1,4,3,1,1,1,3,2,2,2,2,2,2,1,2,,
,Virus,Actor_general,Morphological characterisation,Parasitism,0,3,0,0,0.75,1,1,1,1,1,0,0,0,3.2,0.8,1,1,1,1,1,1,1,1,3,3,3,3,1,1,2,2,3,,
,Virus,Actor_general,Virus extraction and metagenomic ,Parasitism,0,3,0,0,0.75,1,1,1,1,1,0,0,0,3.2,0.8,1,1,1,3,3,1,1,1,3,1,2,1,2,1,2,1,2,,
